<?xml version="1.0" encoding="UTF-8"?><font-metrics metrics-version="2" type="TYPE0"><font-name>Code39Seven</font-name><full-name>Code39Seven</full-name><family-name>Code39Seven</family-name><embed/><cap-height>1000</cap-height><x-height>65136</x-height><ascender>800</ascender><descender>200</descender><bbox><left>0</left><bottom>-80</bottom><right>540</right><top>1000</top></bbox><flags>33</flags><stemv>0</stemv><italicangle>0</italicangle><ttc-name>Code39Seven</ttc-name><subtype>TYPE0</subtype><multibyte-extras><cid-type>CIDFontType2</cid-type><default-width>0</default-width><bfranges><bf gi="3" ue="33" us="32"/><bf gi="5" ue="37" us="35"/><bf gi="8" ue="43" us="42"/><bf gi="10" ue="57" us="45"/><bf gi="23" ue="90" us="65"/><bf gi="49" ue="160" us="160"/><bf gi="0" ue="65535" us="65535"/></bfranges><cid-widths start-index="0"><wx w="500"/><wx w="0"/><wx w="580"/><wx w="580"/><wx w="580"/><wx w="580"/><wx w="580"/><wx w="580"/><wx w="580"/><wx w="580"/><wx w="580"/><wx w="580"/><wx w="580"/><wx w="580"/><wx w="580"/><wx w="580"/><wx w="580"/><wx w="580"/><wx w="580"/><wx w="580"/><wx w="580"/><wx w="580"/><wx w="580"/><wx w="580"/><wx w="580"/><wx w="580"/><wx w="580"/><wx w="580"/><wx w="580"/><wx w="580"/><wx w="580"/><wx w="580"/><wx w="580"/><wx w="580"/><wx w="580"/><wx w="580"/><wx w="580"/><wx w="580"/><wx w="580"/><wx w="580"/><wx w="580"/><wx w="580"/><wx w="580"/><wx w="580"/><wx w="580"/><wx w="580"/><wx w="580"/><wx w="580"/><wx w="580"/><wx w="580"/></cid-widths></multibyte-extras></font-metrics>